{"f1_score": 0.7570105360419268, "log_loss": 0.42518786358213956, "precision": 0.504, "recall": 0.03597944031981725, "roc_auc_score": 0.7044578859358824}